<?xml version="1.0" encoding="UTF-8"?>
<configurationDescriptor version="62">
  <logicalFolder name="root" displayName="root" projectFiles="true">
    <logicalFolder name="HeaderFiles"
                   displayName="Header Files"
                   projectFiles="true">
      <logicalFolder name="Common" displayName="Common" projectFiles="true">
      </logicalFolder>
      <itemPath>../HardwareProfile.h</itemPath>
      <itemPath>../IRIO.h</itemPath>
      <itemPath>../IRs.h</itemPath>
      <itemPath>../IrReflect.h</itemPath>
      <itemPath>../PICUSB.h</itemPath>
      <itemPath>../RCdecoder.h</itemPath>
      <itemPath>../SUMP.h</itemPath>
      <itemPath>../cdc.h</itemPath>
      <itemPath>../cdc_config.h</itemPath>
      <itemPath>../configWords.h</itemPath>
      <itemPath>../descriptors.h</itemPath>
      <itemPath>../globals.h</itemPath>
      <itemPath>../hal_Lin_m.h</itemPath>
      <itemPath>../irWidget.h</itemPath>
      <itemPath>../usb2uart.h</itemPath>
      <itemPath>../usb_config.h</itemPath>
      <itemPath>../usb_stack.h</itemPath>
    </logicalFolder>
    <logicalFolder name="LibraryFiles"
                   displayName="Library Files"
                   projectFiles="true">
    </logicalFolder>
    <logicalFolder name="LinkerScript"
                   displayName="Linker Files"
                   projectFiles="true">
      <itemPath>../rm18f2550 - HID Bootload.lkr</itemPath>
    </logicalFolder>
    <logicalFolder name="ObjectFiles"
                   displayName="Object Files"
                   projectFiles="true">
    </logicalFolder>
    <logicalFolder name="SourceFiles"
                   displayName="Source Files"
                   projectFiles="true">
      <itemPath>../IRIO.c</itemPath>
      <itemPath>../IRs.c</itemPath>
      <itemPath>../IrReflect.c</itemPath>
      <itemPath>../RCdecoder.c</itemPath>
      <itemPath>../SUMP.c</itemPath>
      <itemPath>../cdc.c</itemPath>
      <itemPath>../hal_Lin_m.c</itemPath>
      <itemPath>../irWidget.c</itemPath>
      <itemPath>../main.c</itemPath>
      <itemPath>../usb2uart.c</itemPath>
      <itemPath>../usb_stack.c</itemPath>
    </logicalFolder>
    <logicalFolder name="ExternalFiles"
                   displayName="Important Files"
                   projectFiles="false">
      <itemPath>Makefile</itemPath>
    </logicalFolder>
  </logicalFolder>
  <projectmakefile>Makefile</projectmakefile>
  <confs>
    <conf name="default" type="2">
      <toolsSet>
        <developmentServer>localhost</developmentServer>
        <targetDevice>PIC18F2550</targetDevice>
        <targetHeader></targetHeader>
        <platformTool>PICkit2PlatformTool</platformTool>
        <languageToolchain>C18</languageToolchain>
        <languageToolchainVersion>3.36</languageToolchainVersion>
        <platform>3</platform>
      </toolsSet>
      <compileType>
        <linkerTool>
          <linkerLibItems>
          </linkerLibItems>
        </linkerTool>
      </compileType>
      <C18>
        <property key="storage-class" value="sca"/>
        <property key="enable-opa" value="false"/>
        <property key="enable-all-optimizations" value="true"/>
        <property key="preprocessor-macros" value=""/>
        <property key="default-char-unsigned" value="false"/>
        <property key="optimization-master" value="Custom"/>
        <property key="code-model" value="ms"/>
        <property key="warning-level" value="2"/>
        <property key="extra-include-directories"
                  value="/c/mcc18/h;../../microchip/include;../../../../Microchip Solutions/USBIRr;..;"/>
        <property key="enable-ow" value="false"/>
        <property key="verbose" value="false"/>
        <property key="enable-ou" value="false"/>
        <property key="enable-ot" value="false"/>
        <property key="enable-os" value="false"/>
        <property key="data-model" value="oa-"/>
        <property key="enable-or" value="false"/>
        <property key="enable-op" value="false"/>
        <property key="enable-on" value="false"/>
        <property key="enable-om" value="false"/>
        <property key="procedural-abstraction-passes" value="0"/>
        <property key="enable-multi-bank-stack-model" value="false"/>
        <property key="enable-int-promotion" value="false"/>
        <property key="enable-od" value="false"/>
        <property key="enable-ob" value="false"/>
      </C18>
      <C18-AS>
        <property key="default.radix" value="HEX"/>
        <property key="hex.output.format" value="INHX32"/>
        <property key="enable.case.sensitivity" value="false"/>
        <property key="preprocessor.macros" value=""/>
        <property key="warning.level" value="0"/>
        <property key="cross.reference.file" value=""/>
      </C18-AS>
      <C18-LD>
        <property key="hex-output-format" value="INHX32"/>
        <property key="map-file" value=""/>
        <property key="extra-lib-directories" value="../../../../mcc18/lib;"/>
      </C18-LD>
      <C18LanguageToolchain>
        <property key="stack-analysis-mplink" value="false"/>
        <property key="stack-analysis-mcc18" value="false"/>
        <property key="stack-analysis" value="false"/>
        <property key="extended-mode-mcc18" value="false"/>
        <property key="extended-mode" value="false"/>
        <property key="extended-mode-mpasm" value="false"/>
        <property key="extended-mode-mplink" value="false"/>
      </C18LanguageToolchain>
      <PICkit2PlatformTool>
      </PICkit2PlatformTool>
    </conf>
  </confs>
</configurationDescriptor>
