<?xml version="1.0" encoding="UTF-8"?>
<configurationDescriptor version="62">
  <logicalFolder name="root" displayName="root" projectFiles="true">
    <logicalFolder name="HeaderFiles"
                   displayName="Header Files"
                   projectFiles="true">
      <itemPath>Compiler.h</itemPath>
      <itemPath>GenericTypeDefs.h</itemPath>
      <itemPath>boot_config.h</itemPath>
      <itemPath>bootloader.h</itemPath>
      <itemPath>cdc.h</itemPath>
      <itemPath>configwords.h</itemPath>
      <itemPath>descriptors.h</itemPath>
      <itemPath>globals.h</itemPath>
      <itemPath>picusb.h</itemPath>
      <itemPath>usb_lang.h</itemPath>
      <itemPath>usb_stack.h</itemPath>
    </logicalFolder>
    <logicalFolder name="LibraryFiles"
                   displayName="Library Files"
                   projectFiles="true">
    </logicalFolder>
    <logicalFolder name="LinkerScript"
                   displayName="Linker Files"
                   projectFiles="true">
      <itemPath>p24FJ128GB106.gld</itemPath>
    </logicalFolder>
    <logicalFolder name="ObjectFiles"
                   displayName="Object Files"
                   projectFiles="true">
    </logicalFolder>
    <logicalFolder name="SourceFiles"
                   displayName="Source Files"
                   projectFiles="true">
      <itemPath>bootloader.c</itemPath>
      <itemPath>cdc.c</itemPath>
      <itemPath>main.c</itemPath>
      <itemPath>usb_stack.c</itemPath>
    </logicalFolder>
    <logicalFolder name="ExternalFiles"
                   displayName="Important Files"
                   projectFiles="false">
      <itemPath>Makefile</itemPath>
    </logicalFolder>
  </logicalFolder>
  <sourceRootList>
    <Elem>.</Elem>
  </sourceRootList>
  <projectmakefile>Makefile</projectmakefile>
  <confs>
    <conf name="default" type="2">
      <toolsSet>
        <developmentServer>localhost</developmentServer>
        <targetDevice>PIC24FJ128GB106</targetDevice>
        <targetHeader></targetHeader>
        <platformTool>PICkit2PlatformTool</platformTool>
        <languageToolchain>C30</languageToolchain>
        <languageToolchainVersion>3_25</languageToolchainVersion>
        <platform>3</platform>
      </toolsSet>
      <compileType>
        <linkerTool>
          <linkerLibItems>
          </linkerLibItems>
        </linkerTool>
      </compileType>
      <C30>
        <property key="optimization-level" value="0"/>
        <property key="preprocessor-macros" value=""/>
        <property key="code-model" value="small-code"/>
        <property key="const-model" value="default"/>
        <property key="enable-procedural-abstraction" value="false"/>
        <property key="enable-ansi-warnings" value="false"/>
        <property key="enable-short-double" value="false"/>
        <property key="extra-include-directories" value=""/>
        <property key="post-instruction-scheduling" value="default"/>
        <property key="enable-unroll-loops" value="false"/>
        <property key="data-model" value="default"/>
        <property key="isolate-each-function" value="false"/>
        <property key="enable-fatal-warnings" value="false"/>
        <property key="enable-omit-frame-pointer" value="false"/>
        <property key="enable-ansi-std" value="false"/>
        <property key="enable-all-warnings" value="false"/>
        <property key="pre-instruction-scheduling" value="default"/>
        <property key="scalar-model" value="default"/>
      </C30>
      <C30-AS>
      </C30-AS>
      <C30-LD>
        <property key="preprocessor-macros" value=""/>
        <property key="general-code-protect" value="no_code_protect"/>
        <property key="secure-write-protect" value="no_write_protect"/>
        <property key="warn-section-align" value="false"/>
        <property key="heap-size" value=""/>
        <property key="remove-unused-sections" value="true"/>
        <property key="stack-size" value=""/>
        <property key="linker-symbols" value=""/>
        <property key="trace-symbols" value=""/>
        <property key="map-file" value=""/>
        <property key="enable-pack-data" value="true"/>
        <property key="boot-eeprom" value="no_eeprom"/>
        <property key="general-write-protect" value="no_write_protect"/>
        <property key="enable-handles" value="false"/>
        <property key="enable-data-init" value="true"/>
        <property key="secure-flash" value="no_flash"/>
        <property key="boot-write-protect" value="no_write_protect"/>
        <property key="boot-flash" value="no_flash"/>
        <property key="report-memory-usage" value="false"/>
        <property key="generate-cross-reference-file" value="false"/>
        <property key="input-libraries" value=""/>
        <property key="secure-ram" value="no_ram"/>
        <property key="enable-check-sections" value="false"/>
        <property key="enable-default-isr" value="true"/>
        <property key="symbol-stripping" value="keep-all"/>
        <property key="boot-ram" value="no_ram"/>
        <property key="secure-eeprom" value="no_eeprom"/>
        <property key="extra-lib-directories" value=""/>
      </C30-LD>
      <C30Global>
        <property key="fast-math" value="false"/>
        <property key="legacy-libc" value="false"/>
      </C30Global>
      <PICkit2PlatformTool>
      </PICkit2PlatformTool>
    </conf>
  </confs>
</configurationDescriptor>
